precision,recall,F1,method,data
0.6546184738955824,0.27166666666666667,0.38398115429917556,Chang,cbf-combined-diff-1
0.6558704453441295,0.27,0.38252656434474613,decomp+Chang,cbf-combined-diff-1
0.056282722513089,0.07166666666666667,0.06304985337243402,decomp+IQR,cbf-combined-diff-1
0.18935516888433981,0.30833333333333335,0.23462270133164237,decomp+Chang+IQR,cbf-combined-diff-1
0.07272727272727272,0.005714285714285714,0.010596026490066225,Chang,cbf-combined-diff-2
0.07272727272727272,0.005714285714285714,0.010596026490066225,decomp+Chang,cbf-combined-diff-2
0,0,0,decomp+IQR,cbf-combined-diff-2
0.0058823529411764705,0.005714285714285714,0.005797101449275363,decomp+Chang+IQR,cbf-combined-diff-2
0.057692307692307696,0.05714285714285714,0.057416267942583726,Chang,cbf-combined-diff-3
0.03482587064676617,0.06666666666666667,0.04575163398692811,decomp+Chang,cbf-combined-diff-3
0,0,0,decomp+IQR,cbf-combined-diff-3
0.03482587064676617,0.06666666666666667,0.04575163398692811,decomp+Chang+IQR,cbf-combined-diff-3
0.018518518518518517,0.01,0.012987012987012986,Chang,cbf-diff-count-1
0.02830188679245283,0.03,0.02912621359223301,decomp+Chang,cbf-diff-count-1
0,0,0,decomp+IQR,cbf-diff-count-1
0.008379888268156424,0.03,0.013100436681222707,decomp+Chang+IQR,cbf-diff-count-1
0.008849557522123894,0.009900990099009901,0.009345794392523362,Chang,cbf-diff-count-2
0.005780346820809248,0.009900990099009901,0.007299270072992701,decomp+Chang,cbf-diff-count-2
0.006172839506172839,0.009900990099009901,0.007604562737642584,decomp+IQR,cbf-diff-count-2
0.0030303030303030303,0.009900990099009901,0.004640371229698376,decomp+Chang+IQR,cbf-diff-count-2
0.3181818181818182,0.208955223880597,0.2522522522522523,Chang,cbf-diff-count-3
0.3076923076923077,0.19900497512437812,0.24169184290030216,decomp+Chang,cbf-diff-count-3
0.0678763440860215,0.5024875621890548,0.11959739490822972,decomp+IQR,cbf-diff-count-3
0.06551059730250482,0.5074626865671642,0.11604095563139931,decomp+Chang+IQR,cbf-diff-count-3
0.17647058823529413,0.07973421926910298,0.10983981693363844,Chang,cbf-diff-count-4
0.3055555555555556,0.1461794019933555,0.19775280898876407,decomp+Chang,cbf-diff-count-4
0.0016260162601626016,0.0033222591362126247,0.0021834061135371182,decomp+IQR,cbf-diff-count-4
0.058981233243967826,0.1461794019933555,0.08404966571155682,decomp+Chang+IQR,cbf-diff-count-4
0.3614457831325301,0.07481296758104738,0.12396694214876033,Chang,cbf-diff-count-5
0.06629834254143646,0.029925187032418952,0.041237113402061855,decomp+Chang,cbf-diff-count-5
0,0,0,decomp+IQR,cbf-diff-count-5
0.023255813953488372,0.029925187032418952,0.02617230098146129,decomp+Chang+IQR,cbf-diff-count-5
0.3625,0.05788423153692615,0.09982788296041308,Chang,cbf-diff-count-6
0.3055555555555556,0.08782435129740519,0.1364341085271318,decomp+Chang,cbf-diff-count-6
0,0,0,decomp+IQR,cbf-diff-count-6
0.16296296296296298,0.08782435129740519,0.11413748378728925,decomp+Chang+IQR,cbf-diff-count-6
0.3956043956043956,0.059900166389351084,0.10404624277456648,Chang,cbf-diff-count-7
0.08536585365853659,0.02329450915141431,0.036601307189542485,decomp+Chang,cbf-diff-count-7
0,0,0,decomp+IQR,cbf-diff-count-7
0.024390243902439025,0.02329450915141431,0.02382978723404255,decomp+Chang+IQR,cbf-diff-count-7
0.01020408163265306,1,0.020202020202020204,Chang,cbf-length-1
0.005235602094240838,1,0.010416666666666668,decomp+Chang,cbf-length-1
0,0,0,decomp+IQR,cbf-length-1
0.005235602094240838,1,0.010416666666666668,decomp+Chang+IQR,cbf-length-1
0.025252525252525252,0.5,0.04807692307692307,Chang,cbf-length-10
0.025252525252525252,0.5,0.04807692307692307,decomp+Chang,cbf-length-10
0,0,0,decomp+IQR,cbf-length-10
0.025252525252525252,0.5,0.04807692307692307,decomp+Chang+IQR,cbf-length-10
0.2054794520547945,0.45,0.28213166144200624,Chang,cbf-length-100
0.2054794520547945,0.45,0.28213166144200624,decomp+Chang,cbf-length-100
0,0,0,decomp+IQR,cbf-length-100
0.2054794520547945,0.45,0.28213166144200624,decomp+Chang+IQR,cbf-length-100
0.6363636363636364,0.252,0.3610315186246419,Chang,cbf-length-1000
0.6338383838383839,0.251,0.35959885386819485,decomp+Chang,cbf-length-1000
0,0,0,decomp+IQR,cbf-length-1000
0.6338383838383839,0.251,0.35959885386819485,decomp+Chang+IQR,cbf-length-1000
0.13471502590673576,0.52,0.2139917695473251,Chang,cbf-length-50
0.13471502590673576,0.52,0.2139917695473251,decomp+Chang,cbf-length-50
0,0,0,decomp+IQR,cbf-length-50
0.13471502590673576,0.52,0.2139917695473251,decomp+Chang+IQR,cbf-length-50
0.5686274509803921,0.29,0.3841059602649006,Chang,cbf-length-500
0.5363128491620112,0.384,0.44755244755244755,decomp+Chang,cbf-length-500
0,0,0,decomp+IQR,cbf-length-500
0.5363128491620112,0.384,0.44755244755244755,decomp+Chang+IQR,cbf-length-500
0.39080459770114945,0.34,0.3636363636363637,Chang,cbf-position-beginning
0.05056179775280899,0.09,0.06474820143884893,decomp+Chang,cbf-position-beginning
0,0,0,decomp+IQR,cbf-position-beginning
0.015957446808510637,0.09,0.027108433734939756,decomp+Chang+IQR,cbf-position-beginning
0.2608695652173913,0.18,0.21301775147928995,Chang,cbf-position-end
0.2047244094488189,0.26,0.22907488986784144,decomp+Chang,cbf-position-end
0,0,0,decomp+IQR,cbf-position-end
0.09187279151943463,0.26,0.13577023498694518,decomp+Chang+IQR,cbf-position-end
0.3918918918918919,0.29,0.3333333333333333,Chang,cbf-position-middle
0.33076923076923076,0.43,0.3739130434782608,decomp+Chang,cbf-position-middle
0.09915014164305949,0.35,0.15452538631346577,decomp+IQR,cbf-position-middle
0.13596491228070176,0.62,0.22302158273381298,decomp+Chang+IQR,cbf-position-middle
0.2676056338028169,0.19,0.2222222222222222,Chang,cbf-same-count-1
0.24444444444444444,0.33,0.28085106382978725,decomp+Chang,cbf-same-count-1
0,0,0,decomp+IQR,cbf-same-count-1
0.10410094637223975,0.33,0.15827338129496402,decomp+Chang+IQR,cbf-same-count-1
0.6983240223463687,0.125,0.21204410517387617,Chang,cbf-same-count-10
0.7,0.126,0.21355932203389832,decomp+Chang,cbf-same-count-10
0.09795918367346938,0.096,0.09696969696969698,decomp+IQR,cbf-same-count-10
0.18492550394390886,0.211,0.19710415693601122,decomp+Chang+IQR,cbf-same-count-10
0.42105263157894735,0.2,0.2711864406779661,Chang,cbf-same-count-2
0.391812865497076,0.335,0.36118598382749323,decomp+Chang,cbf-same-count-2
0,0,0,decomp+IQR,cbf-same-count-2
0.08101571946795647,0.335,0.13047711781889,decomp+Chang+IQR,cbf-same-count-2
0.6623376623376623,0.204,0.3119266055045872,Chang,cbf-same-count-5
0.650375939849624,0.346,0.4516971279373368,decomp+Chang,cbf-same-count-5
0,0,0,decomp+IQR,cbf-same-count-5
0.337890625,0.346,0.341897233201581,decomp+Chang+IQR,cbf-same-count-5
0.2892561983471074,0.35,0.31674208144796373,Chang,cbf-trend-linear
0.18536585365853658,0.38,0.2491803278688524,decomp+Chang,cbf-trend-linear
0,0,0,decomp+IQR,cbf-trend-linear
0.18536585365853658,0.38,0.2491803278688524,decomp+Chang+IQR,cbf-trend-linear
0.7391304347826086,0.17,0.2764227642276423,Chang,cbf-trend-quadratic
0,0,0,decomp+Chang,cbf-trend-quadratic
0,0,0,decomp+IQR,cbf-trend-quadratic
0,0,0,decomp+Chang+IQR,cbf-trend-quadratic
0.2677165354330709,0.34,0.2995594713656388,Chang,cbf-trend-sine
0.19383259911894274,0.44,0.26911314984709483,decomp+Chang,cbf-trend-sine
0,0,0,decomp+IQR,cbf-trend-sine
0.19383259911894274,0.44,0.26911314984709483,decomp+Chang+IQR,cbf-trend-sine
0.009708737864077669,0.01,0.009852216748768473,Chang,cbf-type-amplitude
0.014705882352941176,0.03,0.019736842105263157,decomp+Chang,cbf-type-amplitude
0,0,0,decomp+IQR,cbf-type-amplitude
0.014705882352941176,0.03,0.019736842105263157,decomp+Chang+IQR,cbf-type-amplitude
0.005128205128205128,1,0.010204081632653062,Chang,cbf-type-extremum
0.00510204081632653,1,0.01015228426395939,decomp+Chang,cbf-type-extremum
1,1,1,decomp+IQR,cbf-type-extremum
0.00510204081632653,1,0.01015228426395939,decomp+Chang+IQR,cbf-type-extremum
0.023529411764705882,0.02,0.02162162162162162,Chang,cbf-type-mean
0.023952095808383235,0.04,0.0299625468164794,decomp+Chang,cbf-type-mean
0,0,0,decomp+IQR,cbf-type-mean
0.023952095808383235,0.04,0.0299625468164794,decomp+Chang+IQR,cbf-type-mean
0.011494252873563218,0.01,0.0106951871657754,Chang,cbf-type-pattern
0.017543859649122806,0.03,0.022140221402214024,decomp+Chang,cbf-type-pattern
0,0,0,decomp+IQR,cbf-type-pattern
0.017543859649122806,0.03,0.022140221402214024,decomp+Chang+IQR,cbf-type-pattern
0,0,0,Chang,cbf-type-platform
0.005747126436781609,0.01,0.0072992700729927,decomp+Chang,cbf-type-platform
0,0,0,decomp+IQR,cbf-type-platform
0.005747126436781609,0.01,0.0072992700729927,decomp+Chang+IQR,cbf-type-platform
0.06818181818181818,0.06,0.06382978723404255,Chang,cbf-type-trend
0.08527131782945736,0.22,0.12290502793296088,decomp+Chang,cbf-type-trend
0.13916500994035785,0.7,0.23217247097844113,decomp+IQR,cbf-type-trend
0.10542168674698796,0.7,0.18324607329842935,decomp+Chang+IQR,cbf-type-trend
0.24311926605504589,0.53,0.33333333333333337,Chang,cbf-type-variance
0.23148148148148148,0.5,0.3164556962025316,decomp+Chang,cbf-type-variance
0,0,0,decomp+IQR,cbf-type-variance
0.23148148148148148,0.5,0.3164556962025316,decomp+Chang+IQR,cbf-type-variance
0,0,0,Chang,ecg-combined-diff-1
0,0,0,decomp+Chang,ecg-combined-diff-1
0,0,0,decomp+IQR,ecg-combined-diff-1
0,0,0,decomp+Chang+IQR,ecg-combined-diff-1
0.9836065573770492,0.08571428571428572,0.15768725361366623,Chang,ecg-combined-diff-2
0.6111111111111112,0.12571428571428572,0.20853080568720384,decomp+Chang,ecg-combined-diff-2
0.07056367432150314,0.24142857142857144,0.10920840064620357,decomp+IQR,ecg-combined-diff-2
0.09367493995196156,0.3342857142857143,0.14634146341463414,decomp+Chang+IQR,ecg-combined-diff-2
0.3114754098360656,0.18095238095238095,0.2289156626506024,Chang,ecg-combined-diff-3
0.9090909090909091,0.09523809523809523,0.1724137931034483,decomp+Chang,ecg-combined-diff-3
1,0.49523809523809526,0.6624203821656051,decomp+IQR,ecg-combined-diff-3
0.9811320754716981,0.49523809523809526,0.6582278481012659,decomp+Chang+IQR,ecg-combined-diff-3
0.8333333333333334,0.5,0.625,Chang,ecg-diff-count-1
0.7288135593220338,0.86,0.7889908256880733,decomp+Chang,ecg-diff-count-1
1,0.55,0.7096774193548387,decomp+IQR,ecg-diff-count-1
0.7398373983739838,0.91,0.8161434977578476,decomp+Chang+IQR,ecg-diff-count-1
0.9514563106796117,0.49,0.6468646864686469,Chang,ecg-diff-count-2
0.8443396226415094,0.895,0.8689320388349514,decomp+Chang,ecg-diff-count-2
1,0.625,0.7692307692307693,decomp+IQR,ecg-diff-count-2
0.8493150684931506,0.93,0.8878281622911695,decomp+Chang+IQR,ecg-diff-count-2
0.8,0.08,0.14545454545454545,Chang,ecg-diff-count-3
0.823321554770318,0.7766666666666666,0.7993138936535163,decomp+Chang,ecg-diff-count-3
0.9844559585492227,0.6333333333333333,0.7707910750507099,decomp+IQR,ecg-diff-count-3
0.8301282051282052,0.8633333333333333,0.8464052287581699,decomp+Chang+IQR,ecg-diff-count-3
0.21428571428571427,0.029900332225913623,0.052478134110787174,Chang,ecg-diff-count-4
0.7070422535211267,0.8338870431893688,0.7652439024390243,decomp+Chang,ecg-diff-count-4
0.9950980392156863,0.6744186046511628,0.8039603960396041,decomp+IQR,ecg-diff-count-4
0.7192513368983957,0.893687707641196,0.797037037037037,decomp+Chang+IQR,ecg-diff-count-4
0.10714285714285714,0.007481296758104738,0.013986013986013986,Chang,ecg-diff-count-5
0.7872340425531915,0.6458852867830424,0.7095890410958904,decomp+Chang,ecg-diff-count-5
0.9915966386554622,0.5885286783042394,0.7386541471048512,decomp+IQR,ecg-diff-count-5
0.806970509383378,0.7506234413965087,0.7777777777777778,decomp+Chang+IQR,ecg-diff-count-5
0.2912621359223301,0.059880239520958084,0.09933774834437084,Chang,ecg-diff-count-6
0.8621495327102804,0.7365269461077845,0.7944025834230356,decomp+Chang,ecg-diff-count-6
0.9938271604938271,0.6427145708582834,0.7806060606060605,decomp+IQR,ecg-diff-count-6
0.8713080168776371,0.8243512974051896,0.8471794871794871,decomp+Chang+IQR,ecg-diff-count-6
0.24742268041237114,0.03993344425956739,0.06876790830945559,Chang,ecg-diff-count-7
0.8353413654618473,0.6921797004991681,0.7570518653321202,decomp+Chang,ecg-diff-count-7
1,0.6289517470881864,0.7722165474974464,decomp+IQR,ecg-diff-count-7
0.856140350877193,0.8119800332778702,0.8334756618274978,decomp+Chang+IQR,ecg-diff-count-7
0.328125,0.05991440798858773,0.10132689987937274,Chang,ecg-diff-count-8
0.8330097087378641,0.6119828815977175,0.7055921052631579,decomp+Chang,ecg-diff-count-8
1,0.550641940085592,0.7102115915363385,decomp+IQR,ecg-diff-count-8
0.8561872909698997,0.7303851640513552,0.7882986913010009,decomp+Chang+IQR,ecg-diff-count-8
0.6193181818181818,0.13607990012484394,0.2231320368474923,Chang,ecg-diff-count-9
0.88,0.5493133583021224,0.6764027671022291,decomp+Chang,ecg-diff-count-9
1,0.5880149812734082,0.7405660377358491,decomp+IQR,ecg-diff-count-9
0.9032258064516129,0.6991260923845194,0.7881773399014778,decomp+Chang+IQR,ecg-diff-count-9
0.013157894736842105,1,0.025974025974025976,Chang,ecg-length-1
0.2,1,0.33333333333333337,decomp+Chang,ecg-length-1
0.125,1,0.2222222222222222,decomp+IQR,ecg-length-1
0.125,1,0.2222222222222222,decomp+Chang+IQR,ecg-length-1
0,0,0,Chang,ecg-length-10
1,0.5,0.6666666666666666,decomp+Chang,ecg-length-10
1,0.5,0.6666666666666666,decomp+IQR,ecg-length-10
1,0.5,0.6666666666666666,decomp+Chang+IQR,ecg-length-10
0.9411764705882353,0.16,0.27350427350427353,Chang,ecg-length-100
1,0.4,0.5714285714285715,decomp+Chang,ecg-length-100
1,0.43,0.6013986013986015,decomp+IQR,ecg-length-100
1,0.44,0.6111111111111112,decomp+Chang+IQR,ecg-length-100
1,0.023,0.044965786901270774,Chang,ecg-length-1000
1,0.317,0.48139711465451784,decomp+Chang,ecg-length-1000
0.9976798143851509,0.43,0.6009783368273934,decomp+IQR,ecg-length-1000
0.9976798143851509,0.43,0.6009783368273934,decomp+Chang+IQR,ecg-length-1000
0,0,0,Chang,ecg-length-50
1,0.56,0.717948717948718,decomp+Chang,ecg-length-50
1,0.58,0.7341772151898733,decomp+IQR,ecg-length-50
1,0.6,0.7499999999999999,decomp+Chang+IQR,ecg-length-50
1,0.134,0.23633156966490304,Chang,ecg-length-500
1,0.358,0.5272459499263622,decomp+Chang,ecg-length-500
0.9953271028037384,0.426,0.5966386554621849,decomp+IQR,ecg-length-500
0.9953703703703703,0.43,0.6005586592178771,decomp+Chang+IQR,ecg-length-500
0,0,0,Chang,ecg-noise-00%
0,0,0,decomp+Chang,ecg-noise-00%
0,0,0,decomp+IQR,ecg-noise-00%
0,0,0,decomp+Chang+IQR,ecg-noise-00%
0,0,0,Chang,ecg-noise-01%
0,0,0,decomp+Chang,ecg-noise-01%
0,0,0,decomp+IQR,ecg-noise-01%
0,0,0,decomp+Chang+IQR,ecg-noise-01%
0,0,0,Chang,ecg-noise-10%
0,0,0,decomp+Chang,ecg-noise-10%
0,0,0,decomp+IQR,ecg-noise-10%
0,0,0,decomp+Chang+IQR,ecg-noise-10%
0,0,0,Chang,ecg-noise-30%
0,0,0,decomp+Chang,ecg-noise-30%
0,0,0,decomp+IQR,ecg-noise-30%
0,0,0,decomp+Chang+IQR,ecg-noise-30%
0,0,0,Chang,ecg-noise-50%
0,0,0,decomp+Chang,ecg-noise-50%
0,0,0,decomp+IQR,ecg-noise-50%
0,0,0,decomp+Chang+IQR,ecg-noise-50%
0.46774193548387094,0.29,0.35802469135802467,Chang,ecg-same-count-1
0.46774193548387094,0.29,0.35802469135802467,decomp+Chang,ecg-same-count-1
0.009852216748768473,0.24,0.01892744479495268,decomp+IQR,ecg-same-count-1
0.01894397420395002,0.47,0.03641999225106547,decomp+Chang+IQR,ecg-same-count-1
0.453416149068323,0.073,0.12575366063738155,Chang,ecg-same-count-10
0.4567901234567901,0.074,0.12736660929432014,decomp+Chang,ecg-same-count-10
0.10028653295128939,0.245,0.14231774615161194,decomp+IQR,ecg-same-count-10
0.11695906432748537,0.3,0.16830294530154277,decomp+Chang+IQR,ecg-same-count-10
0.6025641025641025,0.235,0.33812949640287765,Chang,ecg-same-count-2
0.5897435897435898,0.23,0.33093525179856115,decomp+Chang,ecg-same-count-2
0.01943755169561621,0.235,0.03590527119938885,decomp+IQR,ecg-same-count-2
0.032661290322580645,0.405,0.06044776119402985,decomp+Chang+IQR,ecg-same-count-2
0.5803571428571429,0.13,0.2124183006535948,Chang,ecg-same-count-5
0.5877192982456141,0.134,0.21824104234527691,decomp+Chang,ecg-same-count-5
0.051106639839034206,0.254,0.08509212730318258,decomp+IQR,ecg-same-count-5
0.0676779463243874,0.348,0.11331813741452294,decomp+Chang+IQR,ecg-same-count-5
0.01,0.05,0.016666666666666666,Chang,ecg-trend-linear
0.5,0.01,0.0196078431372549,decomp+Chang,ecg-trend-linear
0.011011699931176875,0.32,0.021290751829673982,decomp+IQR,ecg-trend-linear
0.011011699931176875,0.32,0.021290751829673982,decomp+Chang+IQR,ecg-trend-linear
0.012048192771084338,0.05,0.01941747572815534,Chang,ecg-trend-quadratic
0,0,0,decomp+Chang,ecg-trend-quadratic
0.00493339911198816,0.1,0.009402914903620123,decomp+IQR,ecg-trend-quadratic
0.00493339911198816,0.1,0.009402914903620123,decomp+Chang+IQR,ecg-trend-quadratic
0,0,0,Chang,ecg-trend-sine
0.9692307692307692,0.63,0.7636363636363637,decomp+Chang,ecg-trend-sine
0,0,0,decomp+IQR,ecg-trend-sine
0.9692307692307692,0.63,0.7636363636363637,decomp+Chang+IQR,ecg-trend-sine
0.7638888888888888,0.55,0.6395348837209303,Chang,ecg-type-amplitude
0.7638888888888888,0.55,0.6395348837209303,decomp+Chang,ecg-type-amplitude
0.012673753066230581,0.31,0.024351924587588378,decomp+IQR,ecg-type-amplitude
0.026442307692307692,0.66,0.05084745762711864,decomp+Chang+IQR,ecg-type-amplitude
0.013888888888888888,1,0.0273972602739726,Chang,ecg-type-extremum
0.013888888888888888,1,0.0273972602739726,decomp+Chang,ecg-type-extremum
4.0966816878328555e-4,1,8.19000819000819e-4,decomp+IQR,ecg-type-extremum
4.0096230954290296e-4,1,0.00080160320641282565,decomp+Chang+IQR,ecg-type-extremum
0.43333333333333335,0.26,0.325,Chang,ecg-type-frequency
0.45,0.27,0.3375,decomp+Chang,ecg-type-frequency
0.010305028854080791,0.25,0.01979414093428345,decomp+IQR,ecg-type-frequency
0.01819652244237768,0.45,0.03497862417411582,decomp+Chang+IQR,ecg-type-frequency
1,0.95,0.9743589743589743,Chang,ecg-type-mean
0.49586776859504134,0.6,0.5429864253393666,decomp+Chang,ecg-type-mean
0.033631332481907195,0.79,0.06451612903225806,decomp+IQR,ecg-type-mean
0.03739094308267553,0.9,0.07179896290386917,decomp+Chang+IQR,ecg-type-mean
0.6493506493506493,0.5,0.5649717514124294,Chang,ecg-type-pattern-shift
0.6329113924050633,0.5,0.5586592178770949,decomp+Chang,ecg-type-pattern-shift
0.010616578195181707,0.26,0.020400156924284034,decomp+IQR,ecg-type-pattern-shift
0.025119617224880382,0.63,0.04831288343558282,decomp+Chang+IQR,ecg-type-pattern-shift
0,0,0,Chang,ecg-type-pattern
0,0,0,decomp+Chang,ecg-type-pattern
0.010113268608414239,0.25,0.019440124416796267,decomp+IQR,ecg-type-pattern
0.010113268608414239,0.25,0.019440124416796267,decomp+Chang+IQR,ecg-type-pattern
0.5070422535211268,0.36,0.4210526315789474,Chang,ecg-type-platform
0.49333333333333335,0.37,0.4228571428571429,decomp+Chang,ecg-type-platform
0,0,0,decomp+IQR,ecg-type-platform
0.014829659318637275,0.37,0.028516377649325627,decomp+Chang+IQR,ecg-type-platform
0.4429530201342282,0.66,0.5301204819277109,Chang,ecg-type-trend
0.0182370820668693,0.06,0.027972027972027972,decomp+Chang,ecg-type-trend
0.0347444089456869,0.87,0.06682027649769585,decomp+IQR,ecg-type-trend
0.03473053892215569,0.87,0.06679462571976967,decomp+Chang+IQR,ecg-type-trend
0.7,0.42,0.525,Chang,ecg-type-variance
0.7,0.42,0.525,decomp+Chang,ecg-type-variance
0.009259259259259259,0.22,0.01777059773828756,decomp+IQR,ecg-type-variance
0.02269913330581923,0.55,0.04359889021006738,decomp+Chang+IQR,ecg-type-variance
0,0,0,Chang,poly-combined-diff-1
0,0,0,decomp+Chang,poly-combined-diff-1
0,0,0,decomp+IQR,poly-combined-diff-1
0,0,0,decomp+Chang+IQR,poly-combined-diff-1
0.5,0.005714285714285714,0.01129943502824859,Chang,poly-combined-diff-2
0.5,0.005714285714285714,0.01129943502824859,decomp+Chang,poly-combined-diff-2
0.22172949002217296,0.5714285714285714,0.3194888178913738,decomp+IQR,poly-combined-diff-2
0.22148394241417496,0.5714285714285714,0.31923383878691136,decomp+Chang+IQR,poly-combined-diff-2
0.0017035775127768314,0.0380952380952381,0.0032613126783530367,Chang,poly-combined-diff-3
0.07692307692307693,0.0380952380952381,0.050955414012738856,decomp+Chang,poly-combined-diff-3
0.3333333333333333,0.01904761904761905,0.036036036036036036,decomp+IQR,poly-combined-diff-3
0.07142857142857142,0.0380952380952381,0.049689440993788823,decomp+Chang+IQR,poly-combined-diff-3
0.07692307692307693,1,0.14285714285714288,Chang,poly-diff-count-1
0.043478260869565216,1,0.08333333333333333,decomp+Chang,poly-diff-count-1
0.05,1,0.09523809523809523,decomp+IQR,poly-diff-count-1
0.043478260869565216,1,0.08333333333333333,decomp+Chang+IQR,poly-diff-count-1
0.02987281869269447,1,0.05801263641585296,Chang,poly-diff-count-2
0.03225806451612903,0.009900990099009901,0.015151515151515152,decomp+Chang,poly-diff-count-2
0.07692307692307693,0.009900990099009901,0.017543859649122806,decomp+IQR,poly-diff-count-2
0.03225806451612903,0.009900990099009901,0.015151515151515152,decomp+Chang+IQR,poly-diff-count-2
0.016324551478907386,0.5024875621890548,0.031621790857858476,Chang,poly-diff-count-3
0.030303030303030304,0.004975124378109453,0.008547008547008546,decomp+Chang,poly-diff-count-3
0.045454545454545456,0.004975124378109453,0.008968609865470852,decomp+IQR,poly-diff-count-3
0.027777777777777776,0.004975124378109453,0.008438818565400845,decomp+Chang+IQR,poly-diff-count-3
0.5,0.03986710963455149,0.07384615384615384,Chang,poly-diff-count-4
0.5,0.0033222591362126247,0.006600660066006601,decomp+Chang,poly-diff-count-4
0.1669449081803005,0.6644518272425249,0.266844563042028,decomp+IQR,poly-diff-count-4
0.1669449081803005,0.6644518272425249,0.266844563042028,decomp+Chang+IQR,poly-diff-count-4
0.5,0.029925187032418952,0.05647058823529411,Chang,poly-diff-count-5
0.5,0.0024937655860349127,0.004962779156327543,decomp+Chang,poly-diff-count-5
0.29411764705882354,0.24937655860349128,0.2699055330634278,decomp+IQR,poly-diff-count-5
0.29411764705882354,0.24937655860349128,0.2699055330634278,decomp+Chang+IQR,poly-diff-count-5
1.8162005085361425e-4,1,3.6317414200108956e-4,Chang,poly-length-1
0.02857142857142857,1,0.05555555555555556,decomp+Chang,poly-length-1
0.03125,1,0.06060606060606061,decomp+IQR,poly-length-1
0.02564102564102564,1,0.05,decomp+Chang+IQR,poly-length-1
0,0,0,Chang,poly-length-10
0,0,0,decomp+Chang,poly-length-10
0,0,0,decomp+IQR,poly-length-10
0,0,0,decomp+Chang+IQR,poly-length-10
0,0,0,Chang,poly-length-100
0,0,0,decomp+Chang,poly-length-100
0,0,0,decomp+IQR,poly-length-100
0,0,0,decomp+Chang+IQR,poly-length-100
0,0,0,Chang,poly-length-1000
0,0,0,decomp+Chang,poly-length-1000
0,0,0,decomp+IQR,poly-length-1000
0,0,0,decomp+Chang+IQR,poly-length-1000
0,0,0,Chang,poly-length-50
0,0,0,decomp+Chang,poly-length-50
0,0,0,decomp+IQR,poly-length-50
0,0,0,decomp+Chang+IQR,poly-length-50
0,0,0,Chang,poly-length-500
0,0,0,decomp+Chang,poly-length-500
0,0,0,decomp+IQR,poly-length-500
0,0,0,decomp+Chang+IQR,poly-length-500
0,0,0,Chang,poly-same-count-1
0,0,0,decomp+Chang,poly-same-count-1
0,0,0,decomp+IQR,poly-same-count-1
0,0,0,decomp+Chang+IQR,poly-same-count-1
0,0,0,Chang,poly-same-count-10
0.1111111111111111,0.041,0.05989773557341125,decomp+Chang,poly-same-count-10
0,0,0,decomp+IQR,poly-same-count-10
0.1111111111111111,0.041,0.05989773557341125,decomp+Chang+IQR,poly-same-count-10
0,0,0,Chang,poly-same-count-2
0,0,0,decomp+Chang,poly-same-count-2
0,0,0,decomp+IQR,poly-same-count-2
0,0,0,decomp+Chang+IQR,poly-same-count-2
0,0,0,Chang,poly-same-count-5
0.27100271002710025,0.2,0.23014959723820483,decomp+Chang,poly-same-count-5
0,0,0,decomp+IQR,poly-same-count-5
0.27100271002710025,0.2,0.23014959723820483,decomp+Chang+IQR,poly-same-count-5
0,0,0,Chang,poly-trend-linear
0,0,0,decomp+Chang,poly-trend-linear
0,0,0,decomp+IQR,poly-trend-linear
0,0,0,decomp+Chang+IQR,poly-trend-linear
0,0,0,Chang,poly-trend-quadratic
0,0,0,decomp+Chang,poly-trend-quadratic
0,0,0,decomp+IQR,poly-trend-quadratic
0,0,0,decomp+Chang+IQR,poly-trend-quadratic
0,0,0,Chang,poly-trend-sine
0,0,0,decomp+Chang,poly-trend-sine
0,0,0,decomp+IQR,poly-trend-sine
0,0,0,decomp+Chang+IQR,poly-trend-sine
0.07692307692307693,1,0.14285714285714288,Chang,poly-type-extremum
0.030303030303030304,1,0.05882352941176471,decomp+Chang,poly-type-extremum
0.03225806451612903,1,0.0625,decomp+IQR,poly-type-extremum
0.02564102564102564,1,0.05,decomp+Chang+IQR,poly-type-extremum
0,0,0,Chang,poly-type-mean
0,0,0,decomp+Chang,poly-type-mean
0,0,0,decomp+IQR,poly-type-mean
0,0,0,decomp+Chang+IQR,poly-type-mean
0.5,0.12,0.1935483870967742,Chang,poly-type-platform
1,1,1,decomp+Chang,poly-type-platform
0.2403846153846154,1,0.3875968992248062,decomp+IQR,poly-type-platform
0.2403846153846154,1,0.3875968992248062,decomp+Chang+IQR,poly-type-platform
0,0,0,Chang,poly-type-trend
0,0,0,decomp+Chang,poly-type-trend
0,0,0,decomp+IQR,poly-type-trend
0,0,0,decomp+Chang+IQR,poly-type-trend
0,0,0,Chang,poly-type-variance
0,0,0,decomp+Chang,poly-type-variance
0,0,0,decomp+IQR,poly-type-variance
0,0,0,decomp+Chang+IQR,poly-type-variance
0.972972972972973,0.84,0.9016100178890876,Chang,rw-combined-diff-1
0.9307116104868914,0.8283333333333334,0.8765432098765432,decomp+Chang,rw-combined-diff-1
1,0.265,0.41897233201581024,decomp+IQR,rw-combined-diff-1
0.9363166953528399,0.9066666666666666,0.9212531752751904,decomp+Chang+IQR,rw-combined-diff-1
0.5,0.007142857142857143,0.014084507042253521,Chang,rw-combined-diff-2
0.9152542372881356,0.15428571428571428,0.26405867970660146,decomp+Chang,rw-combined-diff-2
0.7309941520467836,0.7142857142857143,0.7225433526011561,decomp+IQR,rw-combined-diff-2
0.7225433526011561,0.7142857142857143,0.7183908045977012,decomp+Chang+IQR,rw-combined-diff-2
0.03513664249860569,0.6,0.06638566912539515,Chang,rw-combined-diff-3
0.3238095238095238,0.3238095238095238,0.3238095238095238,decomp+Chang,rw-combined-diff-3
0,0,0,decomp+IQR,rw-combined-diff-3
0.3238095238095238,0.3238095238095238,0.3238095238095238,decomp+Chang+IQR,rw-combined-diff-3
0.07692307692307693,1,0.14285714285714288,Chang,rw-diff-count-1
3.9416633819471815e-4,1,7.880220646178092e-4,decomp+Chang,rw-diff-count-1
0.06666666666666667,1,0.125,decomp+IQR,rw-diff-count-1
3.9416633819471815e-4,1,7.880220646178092e-4,decomp+Chang+IQR,rw-diff-count-1
0.8145161290322581,1,0.8977777777777779,Chang,rw-diff-count-2
0.04987654320987654,1,0.09501411100658515,decomp+Chang,rw-diff-count-2
1,0.42574257425742573,0.5972222222222222,decomp+IQR,rw-diff-count-2
0.04987654320987654,1,0.09501411100658515,decomp+Chang+IQR,rw-diff-count-2
0.7034883720930233,0.6019900497512438,0.6487935656836462,Chang,rw-diff-count-3
0.7551020408163265,0.5522388059701493,0.6379310344827587,decomp+Chang,rw-diff-count-3
0.9807692307692307,0.5074626865671642,0.6688524590163935,decomp+IQR,rw-diff-count-3
0.8454935622317596,0.9800995024875622,0.9078341013824884,decomp+Chang+IQR,rw-diff-count-3
0.8405797101449275,0.3853820598006645,0.5284738041002278,Chang,rw-diff-count-4
0.6496062992125984,0.5481727574750831,0.5945945945945947,decomp+Chang,rw-diff-count-4
0.5583756345177665,0.7308970099667774,0.6330935251798562,decomp+IQR,rw-diff-count-4
0.5361010830324909,0.9867109634551495,0.6947368421052631,decomp+Chang+IQR,rw-diff-count-4
0.8217821782178217,0.4139650872817955,0.550580431177446,Chang,rw-diff-count-5
0.6038135593220338,0.7107231920199502,0.6529209621993126,decomp+Chang,rw-diff-count-5
1,0.6932668329177057,0.8188512518409425,decomp+IQR,rw-diff-count-5
0.6781411359724613,0.9825436408977556,0.8024439918533605,decomp+Chang+IQR,rw-diff-count-5
0.9530516431924883,0.405189620758483,0.5686274509803921,Chang,rw-diff-count-6
0.7875816993464052,0.4810379241516966,0.59727385377943,decomp+Chang,rw-diff-count-6
0.5491525423728814,0.6467065868263473,0.5939505041246562,decomp+IQR,rw-diff-count-6
0.5692090395480226,0.8043912175648703,0.6666666666666666,decomp+Chang+IQR,rw-diff-count-6
0.005405405405405406,1,0.010752688172043012,Chang,rw-length-1
0.125,1,0.2222222222222222,decomp+Chang,rw-length-1
1,1,1,decomp+IQR,rw-length-1
0.125,1,0.2222222222222222,decomp+Chang+IQR,rw-length-1
0.008936550491510277,1,0.01771479185119575,Chang,rw-length-10
0.08771929824561403,1,0.16129032258064516,decomp+Chang,rw-length-10
1,0.2,0.33333333333333337,decomp+IQR,rw-length-10
0.08771929824561403,1,0.16129032258064516,decomp+Chang+IQR,rw-length-10
0.4604651162790698,0.99,0.6285714285714286,Chang,rw-length-100
0.9345794392523364,1,0.966183574879227,decomp+Chang,rw-length-100
1,0.25,0.4,decomp+IQR,rw-length-100
0.9345794392523364,1,0.966183574879227,decomp+Chang+IQR,rw-length-100
0.9572039942938659,0.671,0.7889476778365668,Chang,rw-length-1000
0.9978768577494692,0.47,0.6390210740992521,decomp+Chang,rw-length-1000
1,0.228,0.3713355048859935,decomp+IQR,rw-length-1000
0.9979166666666667,0.479,0.6472972972972973,decomp+Chang+IQR,rw-length-1000
0.11764705882352941,1,0.21052631578947367,Chang,rw-length-50
0.9074074074074074,0.98,0.9423076923076924,decomp+Chang,rw-length-50
1,0.02,0.0392156862745098,decomp+IQR,rw-length-50
0.9074074074074074,0.98,0.9423076923076924,decomp+Chang+IQR,rw-length-50
0.5881542699724518,0.854,0.696574225122349,Chang,rw-length-500
0.9896640826873385,0.766,0.8635851183765502,decomp+Chang,rw-length-500
1,0.222,0.36333878887070375,decomp+IQR,rw-length-500
0.9896907216494846,0.768,0.8648648648648649,decomp+Chang+IQR,rw-length-500
0.03301419610432486,1,0.06391818472355384,Chang,rw-same-count-1
0.07363770250368189,1,0.13717421124828533,decomp+Chang,rw-same-count-1
1,0.27,0.4251968503937008,decomp+IQR,rw-same-count-1
0.07363770250368189,1,0.13717421124828533,decomp+Chang+IQR,rw-same-count-1
0.9701670644391408,0.813,0.884657236126224,Chang,rw-same-count-10
0.7135135135135136,0.66,0.6857142857142858,decomp+Chang,rw-same-count-10
1,0.584,0.7373737373737373,decomp+IQR,rw-same-count-10
0.7239583333333334,0.695,0.7091836734693878,decomp+Chang+IQR,rw-same-count-10
0.1133257403189066,0.995,0.2034764826175869,Chang,rw-same-count-2
0.2930513595166163,0.97,0.4501160092807424,decomp+Chang,rw-same-count-2
1,0.135,0.2378854625550661,decomp+IQR,rw-same-count-2
0.2930513595166163,0.97,0.4501160092807424,decomp+Chang+IQR,rw-same-count-2
0.40344514959202177,0.89,0.5552089831565814,Chang,rw-same-count-5
0.7731239092495636,0.886,0.8257222739981359,decomp+Chang,rw-same-count-5
1,0.072,0.1343283582089552,decomp+IQR,rw-same-count-5
0.7731239092495636,0.886,0.8257222739981359,decomp+Chang+IQR,rw-same-count-5
0.7352941176470589,1,0.8474576271186441,Chang,rw-trend-linear
0.9433962264150944,1,0.970873786407767,decomp+Chang,rw-trend-linear
1,0.18,0.3050847457627119,decomp+IQR,rw-trend-linear
0.9433962264150944,1,0.970873786407767,decomp+Chang+IQR,rw-trend-linear
0,0,0,Chang,rw-trend-quadratic
0,0,0,decomp+Chang,rw-trend-quadratic
0.023575638506876228,0.24,0.042933810375670844,decomp+IQR,rw-trend-quadratic
0.023575638506876228,0.24,0.042933810375670844,decomp+Chang+IQR,rw-trend-quadratic
0.6363636363636364,0.98,0.7716535433070867,Chang,rw-trend-sine
0.9702970297029703,0.98,0.9751243781094527,decomp+Chang,rw-trend-sine
0,0,0,decomp+IQR,rw-trend-sine
0.9702970297029703,0.98,0.9751243781094527,decomp+Chang+IQR,rw-trend-sine
0.8974358974358975,0.35,0.5035971223021583,Chang,rw-type-amplitude
0.9148936170212766,0.43,0.5850340136054422,decomp+Chang,rw-type-amplitude
0,0,0,decomp+IQR,rw-type-amplitude
0.9148936170212766,0.43,0.5850340136054422,decomp+Chang+IQR,rw-type-amplitude
0.003968253968253968,1,0.007905138339920948,Chang,rw-type-extremum
0.1,1,0.18181818181818182,decomp+Chang,rw-type-extremum
1,1,1,decomp+IQR,rw-type-extremum
0.1,1,0.18181818181818182,decomp+Chang+IQR,rw-type-extremum
0.5,0.01,0.0196078431372549,Chang,rw-type-mean
0.8151260504201681,0.97,0.8858447488584476,decomp+Chang,rw-type-mean
1,1,1,decomp+IQR,rw-type-mean
0.819672131147541,1,0.9009009009009009,decomp+Chang+IQR,rw-type-mean
0.22950819672131148,0.28,0.25225225225225223,Chang,rw-type-platform
0,0,0,decomp+Chang,rw-type-platform
0,0,0,decomp+IQR,rw-type-platform
0,0,0,decomp+Chang+IQR,rw-type-platform
0.875,0.98,0.9245283018867924,Chang,rw-type-trend
0.14128440366972478,0.77,0.23875968992248064,decomp+Chang,rw-type-trend
0.11757575757575757,0.97,0.2097297297297297,decomp+IQR,rw-type-trend
0.11757575757575757,0.97,0.2097297297297297,decomp+Chang+IQR,rw-type-trend
0.20842105263157895,0.99,0.3443478260869565,Chang,rw-type-variance
0.8220338983050848,0.97,0.8899082568807339,decomp+Chang,rw-type-variance
1,0.13,0.23008849557522126,decomp+IQR,rw-type-variance
0.8220338983050848,0.97,0.8899082568807339,decomp+Chang+IQR,rw-type-variance
1,0.06,0.11320754716981131,Chang,sine-combined-diff-1
1,0.06,0.11320754716981131,decomp+Chang,sine-combined-diff-1
0,0,0,decomp+IQR,sine-combined-diff-1
1,0.06,0.11320754716981131,decomp+Chang+IQR,sine-combined-diff-1
0.8933333333333333,0.28714285714285714,0.43459459459459454,Chang,sine-combined-diff-2
0.4755244755244755,0.09714285714285714,0.16132858837485173,decomp+Chang,sine-combined-diff-2
0.7371601208459214,0.3485714285714286,0.47332686711930166,decomp+IQR,sine-combined-diff-2
0.703601108033241,0.3628571428571429,0.4787935909519322,decomp+Chang+IQR,sine-combined-diff-2
0.16129032258064516,0.047619047619047616,0.07352941176470587,Chang,sine-combined-diff-3
0.7777777777777778,0.06666666666666667,0.12280701754385964,decomp+Chang,sine-combined-diff-3
0.975609756097561,0.38095238095238093,0.547945205479452,decomp+IQR,sine-combined-diff-3
0.9523809523809523,0.38095238095238093,0.5442176870748299,decomp+Chang+IQR,sine-combined-diff-3
0.8333333333333334,0.15,0.2542372881355932,Chang,sine-diff-count-1
0.8333333333333334,0.15,0.2542372881355932,decomp+Chang,sine-diff-count-1
0,0,0,decomp+IQR,sine-diff-count-1
0.8333333333333334,0.15,0.2542372881355932,decomp+Chang+IQR,sine-diff-count-1
0.8666666666666667,0.13,0.22608695652173916,Chang,sine-diff-count-2
0.8666666666666667,0.13,0.22608695652173916,decomp+Chang,sine-diff-count-2
0,0,0,decomp+IQR,sine-diff-count-2
0.8666666666666667,0.13,0.22608695652173916,decomp+Chang+IQR,sine-diff-count-2
0.8846153846153846,0.07666666666666666,0.1411042944785276,Chang,sine-diff-count-3
0.8571428571428571,0.08,0.14634146341463417,decomp+Chang,sine-diff-count-3
0,0,0,decomp+IQR,sine-diff-count-3
0.8571428571428571,0.08,0.14634146341463417,decomp+Chang+IQR,sine-diff-count-3
0.7142857142857143,0.0664451827242525,0.12158054711246202,Chang,sine-diff-count-4
0.7142857142857143,0.0664451827242525,0.12158054711246202,decomp+Chang,sine-diff-count-4
0,0,0,decomp+IQR,sine-diff-count-4
0.7142857142857143,0.0664451827242525,0.12158054711246202,decomp+Chang+IQR,sine-diff-count-4
0.7575757575757576,0.06234413965087282,0.1152073732718894,Chang,sine-diff-count-5
0.7575757575757576,0.06234413965087282,0.1152073732718894,decomp+Chang,sine-diff-count-5
0,0,0,decomp+IQR,sine-diff-count-5
0.7575757575757576,0.06234413965087282,0.1152073732718894,decomp+Chang+IQR,sine-diff-count-5
0.7714285714285715,0.05389221556886228,0.10074626865671642,Chang,sine-diff-count-6
0.7352941176470589,0.0499001996007984,0.09345794392523364,decomp+Chang,sine-diff-count-6
0,0,0,decomp+IQR,sine-diff-count-6
0.7352941176470589,0.0499001996007984,0.09345794392523364,decomp+Chang+IQR,sine-diff-count-6
0.78125,0.04159733777038269,0.07898894154818326,Chang,sine-diff-count-7
0.7741935483870968,0.03993344425956739,0.0759493670886076,decomp+Chang,sine-diff-count-7
0,0,0,decomp+IQR,sine-diff-count-7
0.7741935483870968,0.03993344425956739,0.0759493670886076,decomp+Chang+IQR,sine-diff-count-7
0.8541666666666666,0.05848787446504993,0.10947930574098799,Chang,sine-diff-count-8
0.8541666666666666,0.05848787446504993,0.10947930574098799,decomp+Chang,sine-diff-count-8
0,0,0,decomp+IQR,sine-diff-count-8
0.8541666666666666,0.05848787446504993,0.10947930574098799,decomp+Chang+IQR,sine-diff-count-8
0.6829268292682927,0.03495630461922597,0.06650831353919241,Chang,sine-diff-count-9
0.6829268292682927,0.03495630461922597,0.06650831353919241,decomp+Chang,sine-diff-count-9
0,0,0,decomp+IQR,sine-diff-count-9
0.6829268292682927,0.03495630461922597,0.06650831353919241,decomp+Chang+IQR,sine-diff-count-9
0.1,1,0.18181818181818182,Chang,sine-length-1
0.5,1,0.6666666666666666,decomp+Chang,sine-length-1
0.3333333333333333,1,0.5,decomp+IQR,sine-length-1
0.3333333333333333,1,0.5,decomp+Chang+IQR,sine-length-1
0.375,0.3,0.33333333333333326,Chang,sine-length-10
1,0.4,0.5714285714285715,decomp+Chang,sine-length-10
0.8,0.4,0.5333333333333333,decomp+IQR,sine-length-10
0.8,0.4,0.5333333333333333,decomp+Chang+IQR,sine-length-10
0.9850746268656716,0.66,0.7904191616766467,Chang,sine-length-100
1,0.47,0.6394557823129251,decomp+Chang,sine-length-100
0.9607843137254902,0.49,0.6490066225165563,decomp+IQR,sine-length-100
0.9607843137254902,0.49,0.6490066225165563,decomp+Chang+IQR,sine-length-100
0.9974424552429667,0.39,0.5607476635514019,Chang,sine-length-1000
1,0.311,0.4744469870327994,decomp+Chang,sine-length-1000
0.9934497816593887,0.455,0.6241426611796983,decomp+IQR,sine-length-1000
0.9934924078091106,0.458,0.6269678302532512,decomp+Chang+IQR,sine-length-1000
0.9696969696969697,0.64,0.7710843373493975,Chang,sine-length-50
1,0.58,0.7341772151898733,decomp+Chang,sine-length-50
1,0.58,0.7341772151898733,decomp+IQR,sine-length-50
1,0.58,0.7341772151898733,decomp+Chang+IQR,sine-length-50
1,0.59,0.7421383647798743,Chang,sine-length-500
1,0.434,0.6052998605299861,decomp+Chang,sine-length-500
0.9960474308300395,0.504,0.6693227091633466,decomp+IQR,sine-length-500
0.9960474308300395,0.504,0.6693227091633466,decomp+Chang+IQR,sine-length-500
0.4772727272727273,0.21,0.2916666666666667,Chang,sine-noise-00%
0.3310104529616725,0.95,0.4909560723514212,decomp+Chang,sine-noise-00%
0.07530120481927711,1,0.1400560224089636,decomp+IQR,sine-noise-00%
0.07524454477050414,1,0.13995801259622115,decomp+Chang+IQR,sine-noise-00%
0.5,0.08,0.13793103448275865,Chang,sine-noise-01%
0.5263157894736842,0.1,0.16806722689075632,decomp+Chang,sine-noise-01%
1,1,1,decomp+IQR,sine-noise-01%
0.9174311926605505,1,0.9569377990430622,decomp+Chang+IQR,sine-noise-01%
0.3333333333333333,0.02,0.03773584905660377,Chang,sine-noise-10%
0.6956521739130435,0.16,0.2601626016260163,decomp+Chang,sine-noise-10%
0.9692307692307692,0.63,0.7636363636363637,decomp+IQR,sine-noise-10%
0.9054054054054054,0.67,0.7701149425287356,decomp+Chang+IQR,sine-noise-10%
0,0,0,Chang,sine-noise-30%
0,0,0,decomp+Chang,sine-noise-30%
0,0,0,decomp+IQR,sine-noise-30%
0,0,0,decomp+Chang+IQR,sine-noise-30%
0,0,0,Chang,sine-noise-50%
0,0,0,decomp+Chang,sine-noise-50%
0,0,0,decomp+IQR,sine-noise-50%
0,0,0,decomp+Chang+IQR,sine-noise-50%
0,0,0,Chang,sine-position-beginning
0,0,0,decomp+Chang,sine-position-beginning
0,0,0,decomp+IQR,sine-position-beginning
0,0,0,decomp+Chang+IQR,sine-position-beginning
0,0,0,Chang,sine-position-end
0,0,0,decomp+Chang,sine-position-end
0,0,0,decomp+IQR,sine-position-end
0,0,0,decomp+Chang+IQR,sine-position-end
0,0,0,Chang,sine-position-middle
0.3333333333333333,0.02,0.03773584905660377,decomp+Chang,sine-position-middle
0,0,0,decomp+IQR,sine-position-middle
0.3333333333333333,0.02,0.03773584905660377,decomp+Chang+IQR,sine-position-middle
0.875,0.07,0.12962962962962962,Chang,sine-same-count-1
0.627906976744186,0.27,0.37762237762237766,decomp+Chang,sine-same-count-1
0.52,0.52,0.52,decomp+IQR,sine-same-count-1
0.5098039215686274,0.52,0.5148514851485149,decomp+Chang+IQR,sine-same-count-1
0.8786127167630058,0.152,0.2591645353793692,Chang,sine-same-count-10
0.41624365482233505,0.082,0.13700918964076858,decomp+Chang,sine-same-count-10
0.5305164319248826,0.226,0.3169705469845723,decomp+IQR,sine-same-count-10
0.5146443514644351,0.246,0.33288227334235454,decomp+Chang+IQR,sine-same-count-10
0.9708029197080292,0.665,0.7893175074183976,Chang,sine-same-count-2
0.6229508196721312,0.19,0.29118773946360155,decomp+Chang,sine-same-count-2
0.5304347826086957,0.305,0.38730158730158737,decomp+IQR,sine-same-count-2
0.5158730158730159,0.325,0.3987730061349693,decomp+Chang+IQR,sine-same-count-2
0.9330357142857143,0.418,0.5773480662983425,Chang,sine-same-count-5
0.6214285714285714,0.174,0.271875,decomp+Chang,sine-same-count-5
0.6445497630331753,0.272,0.3825597749648383,decomp+IQR,sine-same-count-5
0.6159695817490495,0.324,0.42463958060288337,decomp+Chang+IQR,sine-same-count-5
1,0.06,0.11320754716981131,Chang,sine-trend-linear
1,0.07,0.13084112149532712,decomp+Chang,sine-trend-linear
0,0,0,decomp+IQR,sine-trend-linear
1,0.07,0.13084112149532712,decomp+Chang+IQR,sine-trend-linear
1,0.07,0.13084112149532712,Chang,sine-trend-quadratic
0,0,0,decomp+Chang,sine-trend-quadratic
0,0,0,decomp+IQR,sine-trend-quadratic
0,0,0,decomp+Chang+IQR,sine-trend-quadratic
1,0.1,0.18181818181818182,Chang,sine-trend-sine
1,0.08,0.14814814814814814,decomp+Chang,sine-trend-sine
0,0,0,decomp+IQR,sine-trend-sine
1,0.08,0.14814814814814814,decomp+Chang+IQR,sine-trend-sine
0,0,0,Chang,sine-type-amplitude
1,0.16,0.2758620689655173,decomp+Chang,sine-type-amplitude
0.9859154929577465,0.7,0.8187134502923976,decomp+IQR,sine-type-amplitude
0.9861111111111112,0.71,0.8255813953488371,decomp+Chang+IQR,sine-type-amplitude
0.125,1,0.2222222222222222,Chang,sine-type-extremum
0.5,1,0.6666666666666666,decomp+Chang,sine-type-extremum
0.5,1,0.6666666666666666,decomp+IQR,sine-type-extremum
0.5,1,0.6666666666666666,decomp+Chang+IQR,sine-type-extremum
1,0.26,0.41269841269841273,Chang,sine-type-frequency
0.8870967741935484,0.55,0.6790123456790124,decomp+Chang,sine-type-frequency
0.9753086419753086,0.79,0.8729281767955802,decomp+IQR,sine-type-frequency
0.9081632653061225,0.89,0.8989898989898989,decomp+Chang+IQR,sine-type-frequency
0.36363636363636365,0.04,0.07207207207207207,Chang,sine-type-mean
0.5238095238095238,0.11,0.18181818181818182,decomp+Chang,sine-type-mean
0.9900990099009901,1,0.9950248756218906,decomp+IQR,sine-type-mean
0.9090909090909091,1,0.9523809523809523,decomp+Chang+IQR,sine-type-mean
0,0,0,Chang,sine-type-pattern-shift
0.5588235294117647,0.19,0.28358208955223885,decomp+Chang,sine-type-pattern-shift
0.9489795918367347,0.93,0.9393939393939393,decomp+IQR,sine-type-pattern-shift
0.8558558558558559,0.95,0.9004739336492892,decomp+Chang+IQR,sine-type-pattern-shift
0.9090909090909091,0.4,0.5555555555555556,Chang,sine-type-pattern
0.9148936170212766,0.43,0.5850340136054422,decomp+Chang,sine-type-pattern
0.9649122807017544,0.55,0.7006369426751593,decomp+IQR,sine-type-pattern
0.9411764705882353,0.64,0.7619047619047621,decomp+Chang+IQR,sine-type-pattern
0.16666666666666666,0.02,0.03571428571428571,Chang,sine-type-platform
0.5416666666666666,0.13,0.20967741935483872,decomp+Chang,sine-type-platform
0.9883720930232558,0.85,0.9139784946236558,decomp+IQR,sine-type-platform
0.8865979381443299,0.86,0.8730964467005077,decomp+Chang+IQR,sine-type-platform
0,0,0,Chang,sine-type-trend
0.6470588235294118,0.11,0.18803418803418803,decomp+Chang,sine-type-trend
0.11292200232828871,0.97,0.20229405630865485,decomp+IQR,sine-type-trend
0.1127906976744186,0.97,0.2020833333333333,decomp+Chang+IQR,sine-type-trend
0.9824561403508771,0.56,0.7133757961783439,Chang,sine-type-variance
0.9803921568627451,0.5,0.662251655629139,decomp+Chang,sine-type-variance
0.9807692307692307,0.51,0.6710526315789475,decomp+IQR,sine-type-variance
0.9811320754716981,0.52,0.6797385620915032,decomp+Chang+IQR,sine-type-variance
